{"properties":{"connectionReferences":{"shared_sharepointonline":{"runtimeSource":"invoker","connection":{"connectionReferenceLogicalName":"new_sharedsharepointonline_44677"},"api":{"name":"shared_sharepointonline"}}},"definition":{"$schema":"https://schema.management.azure.com/providers/Microsoft.Logic/schemas/2016-06-01/workflowdefinition.json#","contentVersion":"1.0.0.0","parameters":{"$connections":{"defaultValue":{},"type":"Object"},"$authentication":{"defaultValue":{},"type":"SecureObject"}},"triggers":{"manual":{"type":"Request","kind":"PowerApp","inputs":{"schema":{"type":"object","properties":{},"required":[]}}}},"actions":{"Obtener_contenido_de_archivo":{"runAfter":{},"metadata":{"%252fDocumentos%2bcompartidos%252fFCovidGDPR.pdf":"/Documentos compartidos/FCovidGDPR.pdf"},"type":"OpenApiConnection","inputs":{"host":{"connectionName":"shared_sharepointonline","operationId":"GetFileContent","apiId":"/providers/Microsoft.PowerApps/apis/shared_sharepointonline"},"parameters":{"dataset":"https://ferrovial365.sharepoint.com/teams/Covid-19Ferrovial","id":"%252fDocumentos%2bcompartidos%252fFCovidGDPR.pdf","inferContentType":true},"authentication":{"type":"Raw","value":"@json(decodeBase64(triggerOutputs().headers['X-MS-APIM-Tokens']))['$ConnectionKey']"}}},"Responder_a_una_instancia_de_PowerApps_o_a_un_flujo":{"runAfter":{"Obtener_contenido_de_archivo":["Succeeded"]},"type":"Response","kind":"PowerApp","inputs":{"statusCode":200,"body":{"pdf":"@{outputs('Obtener_contenido_de_archivo')?['body']}"},"schema":{"type":"object","properties":{"pdf":{"title":"PDF","x-ms-dynamically-added":true,"type":"string","format":"byte"}}}}}},"outputs":{}}},"schemaVersion":"1.0.0.0"}